"Frame.","Time","Perspiration"
0,0,0.0115567006911133
1,0.139827698469162,0.0115597762255645
2,0.277474999427795,0.0115761731144583
3,0.402813106775284,0.0116091429249146
4,0.541783809661865,0.0116591840352262
5,0.670240998268127,0.0117223184652992
6,0.802026987075806,0.0117893096146589
7,0.935982286930084,0.0118467354310907
8,1.06960034370422,0.0118800524604672
9,1.20346677303314,0.0118776076402055
10,1.33492052555084,0.0118338141941761
11,1.47008585929871,0.0117499612326141
12,1.60334575176239,0.0116320580885634
13,1.73670637607574,0.0114864017311254
14,1.87764525413513,0.0113151896088797
15,2.00579452514648,0.0111153212384419
16,2.14272212982178,0.0108819815030504
17,2.27485013008118,0.0106149880021336
18,2.40392422676086,0.0103231809372415
19,2.53707337379456,0.0100234368563898
20,2.67444682121277,0.00973501660565078
21,2.80479860305786,0.0094727486423424
22,2.93815755844116,0.00924254577027141
23,3.07707977294922,0.00904121783245746
24,3.21209478378296,0.00886027241734594
25,3.34447431564331,0.00869143107958717
26,3.48043894767761,0.00853126940083133
27,3.60531067848206,0.00838328311639752
28,3.73820781707764,0.00825674463753454
30,3.88079237937927,0.008163074392336
31,4.01415157318115,0.0081117594214838
32,4.14801406860352,0.00810769861351233
33,4.27686262130737,0.00815038759807316
34,4.41222715377808,0.00823434090063999
35,4.53909063339233,0.00835026739317325
36,4.6769642829895,0.00848699690393498
37,4.80531072616577,0.00863412817114661
38,4.94674444198608,0.0087845563337555
39,5.07893466949463,0.00893534742218852
40,5.21497774124146,0.0090861942032977
41,5.34683656692505,0.00923650317621083
42,5.47831106185913,0.00938317277553334
43,5.60842990875244,0.00952035397716835
44,5.7413535118103,0.00964074258473012
45,5.87733173370361,0.00973703446383922
46,6.0073709487915,0.00980276704571169
47,6.1502571105957,0.00983269735031333
48,6.27810287475586,0.00982332266995845
49,6.4110860824585,0.0097740536115991
51,6.54908561706543,0.00968876187497805
52,6.67905282974243,0.00957665085295259
53,6.81542015075684,0.00945128167745
54,6.94170665740967,0.0093272719480939
55,7.07765579223633,0.0092158245686054
56,7.2156229019165,0.00912160843400392
57,7.34948539733887,0.00904296829610698
58,7.47733306884766,0.00897532557723801
59,7.61523389816284,0.00891567536732695
61,7.74260282516479,0.00886558769577471
62,7.88126516342163,0.0088310790906594
63,8.01014614105225,0.00881947373971339
64,8.14840507507324,0.00883527806951633
65,8.28404903411865,0.00887800474685472
66,8.41727352142334,0.00894334172726515
67,8.54636096954346,0.00902588714372398
68,8.67801475524902,0.00912040637471607
69,8.81135749816895,0.009220679018633
70,8.94772338867188,0.00931765441134827
71,9.07860851287842,0.00939897150213204
72,9.21146774291992,0.00945053808417319
73,9.34683036804199,0.0094598122285563
74,9.48282527923584,0.0094196546703382
75,9.61117172241211,0.00933080702198694
76,9.74954223632812,0.00920185374765625
77,9.87962436676025,0.00904760637493232
78,10.0175580978394,0.00888715500917384
79,10.1506481170654,0.00874132249393745
80,10.2775363922119,0.00862891752209176
81,10.4129018783569,0.00856266239736006
82,10.5492687225342,0.00854672585721882
83,10.6803197860718,0.00857700827425201
84,10.8176879882812,0.00864369736765962
85,10.9467163085938,0.00873472028657384
86,11.0790987014771,0.00883867966995417
87,11.2134609222412,0.00894613441760023
88,11.3528394699097,0.00904900348798773
89,11.4821863174438,0.00913937393437444
90,11.6155452728271,0.00920949145406828
91,11.7466297149658,0.00925323534488618
92,11.8827018737793,0.00926771978469585
93,12.01305103302,0.00925397839038609
94,12.1461429595947,0.00921691805789893
95,12.285306930542,0.00916478432898791
96,12.4206695556641,0.00910774727850703
97,12.4316997528076,0.00905527215469043
98,12.5465259552002,0.00901289968229169
99,12.6813945770264,0.00898014781965929
100,12.8153715133667,0.00895108276845362
101,12.9467258453369,0.00891763593202984
102,13.0880146026611,0.00887443897004066
103,13.2209444046021,0.00882307331601324
104,13.348292350769,0.00877312018564365
105,13.4852809906006,0.00873885847702345
106,13.6224355697632,0.00873360634975127
107,13.7487773895264,0.00876512669245837
108,13.8838567733765,0.00883393653852806
109,14.0209770202637,0.00893418792882888
110,14.1483201980591,0.00905587271999011
111,14.2824211120605,0.00918713533519119
112,14.4167823791504,0.00931597562877501
113,14.5481357574463,0.00943129101311142
114,14.6845054626465,0.00952356729969674
115,14.8168630599976,0.00958561372719065
116,14.9562377929688,0.00961370285089127
117,15.0864696502686,0.00960882280326975
118,15.2228374481201,0.00957678721195245
120,15.3501806259155,0.00952656702973948
121,15.4837207794189,0.00946817338933909
122,15.4917421340942,0.00941151991035311
123,15.6230964660645,0.00936555917876183
124,15.7510471343994,0.00933623361296356
125,15.8840017318726,0.00932374654070131
127,16.0173778533936,0.00932153653204121
128,16.1516246795654,0.00931873629298875
129,16.2849941253662,0.00930541807656789
130,16.4213600158691,0.00927776031178464
131,16.5572891235352,0.00923992576448866
132,16.6853466033936,0.00920127255569852
133,16.8166980743408,0.00917063932233057
134,16.953010559082,0.00915116771284213
135,17.0848655700684,0.00913794040741465
136,17.2212314605713,0.00911883979890307
137,17.3574256896973,0.00907836031450377
138,17.4857769012451,0.0090033557490015
139,17.6191349029541,0.00888829072076234
140,17.7540493011475,0.00873730831581786
141,17.8881988525391,0.00856226069914647
142,18.0200881958008,0.00837821664578814
143,18.1535511016846,0.00819901934813331
144,18.2869205474854,0.00803500020717617
145,18.4222850799561,0.00789334997017861
146,18.5694141387939,0.00777973089667834
148,18.6927490234375,0.00769929815932401
149,18.8237552642822,0.00765673644038176
150,18.9581146240234,0.00765599903828085
151,19.0944480895996,0.00769994667925219
152,19.2206077575684,0.00778959770784252
153,19.3619365692139,0.00792328964046137
154,19.492992401123,0.00809623106953658
155,19.621337890625,0.00830015725099295
156,19.7573719024658,0.0085229040855244
157,19.7689056396484,0.00874887711020051
158,19.8907222747803,0.00896154416153104
159,20.0210342407227,0.0091477436112578
160,20.1626415252686,0.00930225233696591
161,20.2930927276611,0.00943025281417663
162,20.4219398498535,0.00954526116116321
163,20.5629253387451,0.00966212719224406
164,20.6949768066406,0.00978864275076453
165,20.8229160308838,0.00992132320080499
166,20.9572772979736,0.010048100830532
167,21.0926494598389,0.0101552893699083
168,21.2235164642334,0.0102335235890686
169,21.3563766479492,0.0102793888746081
170,21.4937515258789,0.0102931378601813
171,21.6251049041748,0.0102752292817417
172,21.7654838562012,0.0102249983197807
173,21.8958396911621,0.0101430783819855
174,22.0231819152832,0.0100353681418685
175,22.1575450897217,0.00991397787281679
176,22.2959232330322,0.00979306086625172
177,22.4282779693604,0.00968257854202407
178,22.5573654174805,0.00958523933487661
179,22.6937389373779,0.00949864890463752
180,22.8250923156738,0.00941988383490831
181,22.9634037017822,0.00934864697499418
182,23.0937595367432,0.00928786420646196
183,23.2257251739502,0.00924265262571986
184,23.3585910797119,0.00921826266206037
185,23.4982795715332,0.00921695087552034
186,23.6266250610352,0.00923469575314038
187,23.7645969390869,0.0092603142244881
188,23.8940010070801,0.00927886757700881
189,24.0249042510986,0.00927771537750017
190,24.1592674255371,0.00925101021996001
191,24.2986717224121,0.00920010017433405
192,24.4246826171875,0.00913113529925604
193,24.5626125335693,0.0090524068979603
195,24.6969776153564,0.00897213601265964
196,24.8261699676514,0.00889641777310649
197,24.960090637207,0.00882790521176929
198,25.0934524536133,0.00876592834679471
199,25.2346687316895,0.00870757104583986
200,25.3645362854004,0.00864893851862168
201,25.493803024292,0.00858655951325638
202,25.6271629333496,0.00851881731772927
203,25.7605056762695,0.00844668034810588
204,25.8978576660156,0.00837305989448358
205,26.0277252197266,0.00830106269062909
206,26.1601524353027,0.00823257451461525
207,26.293514251709,0.00816844267143162
208,26.4274368286133,0.00810975905284075
209,26.5604419708252,0.00805886070616456
210,26.6943035125732,0.00801971022355933
211,26.8328914642334,0.00799799315072508
212,26.9617862701416,0.00800059023349067
213,27.0958557128906,0.008033865644381
215,27.2290935516357,0.00810122897462528
216,27.3620166778564,0.00820140839008772
217,27.4966468811035,0.00832858618340543
218,27.6295204162598,0.00847395208570059
219,27.7629661560059,0.00862679079023006
220,27.8958358764648,0.00877401224314089
221,28.0299739837646,0.00889952331565373
222,28.1650314331055,0.00898574312735744
223,28.2965927124023,0.00901766906474217
224,28.4292659759521,0.0089874256687908
225,28.5631980895996,0.00889668257491349
226,28.6965618133545,0.00875616711481749
227,28.8344421386719,0.00858331369078646
229,28.9632892608643,0.0083987807675157
230,29.0966663360596,0.00822198681305921
231,29.2310352325439,0.00806692324711891
232,29.366397857666,0.00794026576984316
233,29.4974327087402,0.00784229063546219
234,29.6337814331055,0.00776910637016451
235,29.7691459655762,0.00771469712599682
236,29.897741317749,0.00767262524890641
237,30.0336093902588,0.00763766361614752
238,30.1659660339355,0.00760696997825
239,30.2974472045898,0.00758028933763944
240,30.4343185424805,0.00755930733113885
241,30.5646686553955,0.00754657330355642
242,30.6990528106689,0.00754430928668379
243,30.8344173431396,0.00755348415899183
244,30.9672870635986,0.00757328695770293
245,31.0996475219727,0.00760067067640882
246,31.2355155944824,0.00763004334786411
247,31.3656101226807,0.00765396668037053
248,31.5005950927734,0.0076655237025648
249,31.6379680633545,0.0076616753887903
250,31.7653121948242,0.00764551007790021
251,31.8992748260498,0.00762545861752678
252,32.0416603088379,0.00761158393888857
253,32.1696815490723,0.00761131173359871
254,32.3060836791992,0.00762750820162913
255,32.4374351501465,0.00765970649182679
256,32.5667839050293,0.00770643582611564
257,32.7002639770508,0.00776632971901215
258,32.843147277832,0.00783805152443629
259,32.975902557373,0.00792069112640712
261,33.1012420654297,0.00801495573847888
262,33.245475769043,0.00812333061021104
263,33.368480682373,0.00824797390297578
264,33.503173828125,0.00838787958680981
265,33.634708404541,0.00853789524740609
266,33.7777366638184,0.00869040403378987
267,33.902645111084,0.00883867984628818
268,34.0352668762207,0.00898062609435429
269,34.1681518554688,0.0091211676640845
270,34.3058547973633,0.00927094825181076
271,34.4397735595703,0.00944079174209732
272,34.5697746276855,0.00963505364309698
273,34.70263671875,0.0098481979791518
274,34.8441925048828,0.0100661822812052
275,34.9745407104492,0.0102708741205848
276,35.1038513183594,0.0104447195109666
277,35.2363777160645,0.0105738321531482
278,35.3702850341797,0.0106494950531914
279,35.5031471252441,0.0106696243337595
280,35.6405372619629,0.0106407976711848
281,35.7693824768066,0.0105786032434353
282,35.9067535400391,0.0105038395409835
283,36.0377006530762,0.0104355743943023
284,36.1708602905273,0.0103847019197869
285,36.304817199707,0.0103507139905758
286,36.4373435974121,0.0103224137575291
287,36.5732688903809,0.0102823761981339
288,36.7051277160645,0.0102139653930753
289,36.8435974121094,0.0101081542568116
290,36.9785995483398,0.0099668136539024
291,37.1099586486816,0.00980075217411139
294,37.2622413635254,0.00962393891163298
296,37.3790626525879,0.00944763347277805
297,37.5096092224121,0.00927766070023508
298,37.6379547119141,0.0091154193783133
299,37.7723159790039,0.0089608661074568
300,37.9096870422363,0.00881527608490771
301,38.0549163818359,0.0086825631828622
304,38.1782493591309,0.00856911386450418
305,38.3089370727539,0.00848246149647526
306,38.4405403137207,0.00842889441812632
307,38.5789108276367,0.00841053516794318
308,38.7162857055664,0.00842322916962166
310,38.8444175720215,0.00845639683814692
311,38.9737663269043,0.00849523535141684
312,39.1096343994141,0.0085248453313814
313,39.2410278320312,0.00853477958269914
314,39.3793983459473,0.00852207868944123
315,39.5097541809082,0.00849164792232206
316,39.6410865783691,0.00845394436204486
317,39.7784576416016,0.00842096833525511
318,39.787483215332,0.00840236245472458
319,39.9226837158203,0.00840317142061394
322,40.1781463623047,0.00842350580841821
323,40.3101921081543,0.00845937776766544
324,40.441951751709,0.00850402147825524
325,40.5783157348633,0.00854944772795604
326,40.7197036743164,0.00858825678540662
327,40.8437652587891,0.00861566106356221
328,40.9811325073242,0.00863120892994935
329,41.1088027954102,0.008639196901939
330,41.2432060241699,0.00864705587672164
331,41.381591796875,0.00866242161381446
332,41.5109405517578,0.00869074790325232
333,41.6483116149902,0.00873468719386933
334,41.7806816101074,0.00879462307909446
335,41.9140701293945,0.00886894109473784
336,42.0439262390137,0.00895388880699803
337,42.1839027404785,0.00904420279177347
338,42.3182716369629,0.00913507072065913
339,42.444206237793,0.00922414500173787
340,42.5805625915527,0.00931150267311677
341,42.7094192504883,0.00939716501177384
342,42.8448333740234,0.00947838279060757
343,42.9807167053223,0.00954898620335611
344,43.1109619140625,0.00960077547421288
345,43.245059967041,0.00962581106509728
347,43.381233215332,0.00961937465170709
348,43.5150909423828,0.00958303089886585
349,43.6454734802246,0.0095252874546473
350,43.7810707092285,0.00945797649151521
351,43.912425994873,0.00939034774397659
352,44.0443077087402,0.00932503694403766
353,44.177906036377,0.00925787542698517
354,44.3212966918945,0.00918047467302321
355,44.447639465332,0.00908421898799819
356,44.5795211791992,0.00896494546763115
357,44.7138862609863,0.00882671579511005
358,44.8464469909668,0.0086823583896864
359,44.9788017272949,0.00854996674353039
360,45.1202812194824,0.00844727577578389
361,45.2476425170898,0.00838733950929535
362,45.3865165710449,0.00837768314237859
363,45.5154418945312,0.00842198436912975
364,45.647144317627,0.00852128359490214
365,45.7810173034668,0.00867276659422947
366,45.9173851013184,0.00886708049911895
367,46.0470886230469,0.00908677195078741
368,46.1810455322266,0.00930751235391002
370,46.4556121826172,0.00950204684533102
372,46.5989952087402,0.00964561406150143
374,46.7218284606934,0.00972083642811103
376,46.8476715087891,0.00972040813791799
377,46.9820365905762,0.00964735148261856
378,47.1153945922852,0.00951339472207824
379,47.2472839355469,0.00933593341345135
380,47.3811454772949,0.00913455697868181
381,47.515510559082,0.00892831931232984
382,47.655143737793,0.00873350445653394
383,47.7820358276367,0.008561019200655
384,47.9189033508301,0.00841449106775091
385,48.0491333007812,0.00829140184384439
386,48.1870384216309,0.00818732165626735
388,48.326416015625,0.00810027801163518
389,48.4493675231934,0.00803251866473306
390,48.5877380371094,0.00798953969239928
391,48.7226028442383,0.00797759019689407
392,48.8504486083984,0.00800062340010546
393,48.9848098754883,0.00805767966106668
394,49.1181716918945,0.00814166247512153
395,49.2495269775391,0.00823967158244452
396,49.3846969604492,0.00833447559759787
397,49.5220680236816,0.00840694601463511
398,49.6512908935547,0.00843914762872779
399,49.7856674194336,0.00841708592766858
400,49.9180870056152,0.00833248315472744
401,50.0529518127441,0.00818386016761518
402,50.1853103637695,0.00797677212478314
403,50.3262405395508,0.00772248166571395
404,50.4522552490234,0.00743538294627635
405,50.5856132507324,0.00713055306799222
406,50.7225608825684,0.00682204638069938
407,50.8509063720703,0.00652146743651561
408,50.9862785339355,0.00623690548359929
409,51.1223335266113,0.00597302986951144
410,51.2594261169434,0.00573240729102346
411,51.386775970459,0.00551713186214737
412,51.5228004455566,0.0053297520835991
413,51.6547088623047,0.00517304017455614
414,51.7950859069824,0.00504906822787809
415,51.924991607666,0.0049584416556123
416,52.0530700683594,0.00490003539668274
417,52.1884346008301,0.00487123262796819
419,52.4561347961426,0.00486880011129328
421,52.7258949279785,0.00489015885045304
422,52.8527488708496,0.00493408792148387
424,53.1256675720215,0.00500033861551045
425,53.2536239624023,0.00508889010399255
426,53.3879890441895,0.00519963858594246
427,53.5258903503418,0.00533221803288573
428,53.6597557067871,0.00548519782692343
429,53.7891006469727,0.00565480673073061
430,53.9259796142578,0.00583438450346625
431,54.0584373474121,0.0060154405618491
432,54.1887893676758,0.00618992953050413
433,54.3266906738281,0.00635226870665534
434,54.4551696777344,0.00649943823033488
435,54.5883140563965,0.00662899780815588
436,54.7258605957031,0.00673678764207349
437,54.8558692932129,0.00681624876009106
438,54.9892272949219,0.00686015130690235
439,55.1257476806641,0.0068641227147681
440,55.2553596496582,0.00682990148034665
441,55.3907241821289,0.00676621797841229
444,55.791316986084,0.00668710318319147
445,55.9253273010254,0.00660885335266918
446,56.0614776611328,0.00654687493434774
447,56.191822052002,0.00651351570833261
448,56.32568359375,0.00651770930059705
449,56.4564514160156,0.00656598541602935
451,56.7340469360352,0.00666330143752007
452,56.8654937744141,0.00681291105839308
453,56.9917182922363,0.00701579680393494
454,57.1255798339844,0.00727006710431178
455,57.2632904052734,0.00757042023298218
456,57.3912582397461,0.00790836379294569
457,57.5256195068359,0.00827345776122718
458,57.6592597961426,0.00865418612919018
459,57.7972412109375,0.00903700481149091
460,57.9260902404785,0.00940468418696684
461,58.0589561462402,0.00973714180240621
462,58.1978607177734,0.0100162362578628
463,58.3267402648926,0.0102318688263959
464,58.4592361450195,0.0103848664547222
465,58.5953369140625,0.0104845842026569
466,58.7352142333984,0.0105431050043938
467,58.7392349243164,0.0105694815806666
468,58.8589668273926,0.0105665368340214
469,58.9943313598633,0.0105312952748753
470,59.1271553039551,0.0104586437544062
471,59.2668533325195,0.0103461462975557
472,59.3982086181641,0.0101970337246093
473,59.526683807373,0.0100194306919685
474,59.6625518798828,0.00982266914217704
475,59.7949066162109,0.00961387760665646
476,59.9277648925781,0.00939722014259999
477,60.0696487426758,0.0091749775942401
478,60.1979942321777,0.00894821454761674
479,60.3348655700684,0.00871646144414894
480,60.4617080688477,0.00847785221274726
481,60.5950660705566,0.00823088571631687
482,60.7280540466309,0.00797694809613487
483,60.8621368408203,0.00772162126103917
484,61.0075263977051,0.00747374275488489
486,61.1388816833496,0.00724284965372749
488,61.2691078186035,0.00703660184034825
489,61.3984832763672,0.00685941209785664
490,61.5284805297852,0.00671255758183439
491,61.6634178161621,0.0065954661433433
492,61.7957763671875,0.00650738832912976
493,61.9286842346191,0.00644852863288284
494,62.0666084289551,0.00642032898506205
495,62.1979637145996,0.00642512497066941
496,62.3308258056641,0.00646545951948357
497,62.4662666320801,0.00654337805425277
499,62.7400665283203,0.00666004092651798
500,62.8665351867676,0.00681575082678527
501,62.9968872070312,0.00700998586084114
502,63.1315383911133,0.00724096986035229
503,63.266170501709,0.00750498207752712
504,63.3970756530762,0.00779568201678966
505,63.5388031005859,0.00810332664262836
506,63.6694145202637,0.00841453038191519
507,63.7976913452148,0.00871386940912508
508,63.9310493469238,0.00898697336879873
509,64.0694274902344,0.00922285399546696
510,64.1984024047852,0.00941419486668443
511,64.3326950073242,0.00955664491821661
512,64.4757843017578,0.00964856977745423
513,64.6056594848633,0.00969152132294664
514,64.7334213256836,0.00969092706754687
515,64.8692474365234,0.00965656925777251
516,64.9994735717773,0.00960249704610848
517,65.1324615478516,0.00954579796802971
518,65.2716979980469,0.00950382887165273
519,65.3996734619141,0.00949057565960829
520,65.5335922241211,0.00951402628925532
521,65.6690139770508,0.00957608393804996
522,65.8003692626953,0.00967438486527196
523,65.9337310791016,0.00980382362434344
524,66.0769653320312,0.00995656219317189
525,66.2010116577148,0.0101215041457925
526,66.333366394043,0.0102848115067905
527,66.4692535400391,0.0104315852561921
528,66.6057205200195,0.0105477141180519
529,66.7366104125977,0.0106211177470143
530,66.8710708618164,0.0106421120879609
531,67.0069808959961,0.0106033976084024
532,67.1413497924805,0.0105008778513315
533,67.2695693969727,0.0103355570871145
534,67.4109497070312,0.0101148167079883
536,67.5382919311523,0.00985130507102082
537,67.6838684082031,0.00956007447140124
538,67.8022003173828,0.00925643702833819
539,67.9475936889648,0.00895559022730444
541,68.0754165649414,0.00867197726420273
542,68.2027587890625,0.0084160938356828
543,68.338623046875,0.00818997793988039
544,68.4723434448242,0.00798522742662484
545,68.6026916503906,0.00778562838382713
546,68.735954284668,0.00757306720047111
547,68.8721694946289,0.00733428194420373
548,69.003547668457,0.00706633170301301
549,69.1364288330078,0.00677837318590514
551,69.4036483764648,0.00648819455086178
552,69.5425262451172,0.00621522519497214
554,69.8037338256836,0.00597428145557943
555,69.9365921020508,0.00577318516872806
557,70.2136001586914,0.00561400315477148
559,70.3369369506836,0.00549536300713003
560,70.472297668457,0.005413537624621
561,70.6042938232422,0.00536205862462294
563,70.8715057373047,0.00533169724182841
566,71.2724227905273,0.00531254737667604
567,71.4047775268555,0.00529763234935003
570,71.8058624267578,0.00528552146388259
571,71.9390029907227,0.00527977427310954
572,72.0739212036133,0.00528512667959527
573,72.2117919921875,0.00530270581630166
576,72.6071853637695,0.00532755030637295
578,72.8846969604492,0.00535014975997076
579,73.0080337524414,0.00536065148432157
580,73.1410064697266,0.00535267412069319
581,73.2763671875,0.00532466157201952
582,73.4117279052734,0.00527869162896858
583,73.5466156005859,0.00521804180596186
584,73.6754684448242,0.00514548579282906
585,73.8083343505859,0.00506352220237717
586,73.9401168823242,0.00497588719095698
587,74.0841217041016,0.00488882137278327
588,74.212028503418,0.00481099574768159
589,74.3408966064453,0.00475183549368249
590,74.4763259887695,0.00471884225737206
591,74.6167068481445,0.00471505406306761
593,74.8764343261719,0.0047378217071581
594,75.012809753418,0.00477963829718575
598,75.2823944091797,0.00483070691131863
600,75.4092788696289,0.00488173247588766
602,75.6774673461914,0.00492555956858016
604,75.9435348510742,0.00495789928590169
605,76.0884399414062,0.00497786846916915
606,76.2202911376953,0.00498760566998487
607,76.3526458740234,0.00499006516346564
609,76.4855728149414,0.00498624398183713
611,76.7479629516602,0.00497432082420301
613,76.8779067993164,0.00495180268186183
617,77.2818832397461,0.00491908316671682
621,77.813720703125,0.00488100428182108
622,77.9460754394531,0.0048445091423604
623,78.0820159912109,0.00481436533921399
625,78.3481216430664,0.00479062272265987
626,78.4801406860352,0.00476940145411776
627,78.6205291748047,0.00474599036653966
629,78.7488708496094,0.00471825504925912
630,78.8862457275391,0.00468843902357454
632,79.1539688110352,0.00466245958880732
634,79.2873306274414,0.0046475040413754
639,79.9479217529297,0.00464944457466538
640,80.085319519043,0.00467109786059287
641,80.2166748046875,0.00471170975961794
642,80.3550415039062,0.00476718437216014
643,80.4853973388672,0.00483019460680225
644,80.61474609375,0.00489050461959852
646,80.885368347168,0.00493687564087832
647,81.0153045654297,0.00496062333424409
652,81.6858291625977,0.00495861255658425
655,82.0909423828125,0.0049331027416781
656,82.2202911376953,0.00488830812220323
660,82.7491683959961,0.00482683463007338
663,83.1549072265625,0.00474952904770538
672,84.0842895507812,0.00465851509210134
673,84.2195663452148,0.00455942485494211
676,84.6196441650391,0.00445987685069761
677,84.7519989013672,0.0043658325938314
681,85.286865234375,0.00427981027412367
682,85.4202270507812,0.00420261384213233
684,85.6908264160156,0.00413643015656355
686,85.9542236328125,0.0040861580355195
689,86.3629837036133,0.00405831889760348
691,86.6216888427734,0.00405920226232014
692,86.7556381225586,0.00409333991787791
695,87.1555404663086,0.00416218021105534
696,87.2915573120117,0.00426322891791048
697,87.4219131469727,0.00439014373915851
698,87.5679168701172,0.00453297508829564
701,87.832633972168,0.00467739873345338
702,87.9559631347656,0.00480404282375886
703,88.0889358520508,0.00489093444507597
709,88.8896255493164,0.00492025762372667
711,89.1581192016602,0.00488632100210225
713,89.426383972168,0.00479943218575811
714,89.5562896728516,0.0046828040814819
721,90.4912948608398,0.00456438596179816
723,90.7576141357422,0.00446810436952724
724,90.8920288085938,0.00440788244075297
727,91.2928085327148,0.0043854659815065
731,91.8708877563477,0.00439201385042993
734,91.9611358642578,0.0044131576570373
735,92.0929946899414,0.00443608989463773
736,92.2295608520508,0.00445547584791969
737,92.3599090576172,0.00447497970565487
738,92.4933776855469,0.00450389410844106
739,92.6352615356445,0.00455134504680041
741,92.8947601318359,0.00462122770294223
742,93.0295639038086,0.00470984375068019
746,93.5630416870117,0.004806928076432
747,93.6946716308594,0.00489961018280372
748,93.8300704956055,0.00497721817152414
749,93.960693359375,0.00503383811470518
750,94.0996780395508,0.00506725958302203
751,94.2296981811523,0.0050763924893936
752,94.3628921508789,0.00506064305007914
753,94.495246887207,0.00502225187226075
754,94.6316146850586,0.00496892363625684
755,94.7629699707031,0.00491350738189745
758,95.1632385253906,0.00487030171470105
763,95.6958999633789,0.00485022628749128
766,96.0988159179688,0.00485744977392964
767,96.2349853515625,0.00488887162371489
768,96.3633346557617,0.00493657341359108
770,96.6327362060547,0.00499214668019286
771,96.7646179199219,0.00505067927178855
772,96.8970489501953,0.00511223941691516
773,97.0301742553711,0.00518024519672397
774,97.1643753051758,0.0052580015557989
775,97.2973480224609,0.00534558568168496
776,97.4313049316406,0.00543850263381338
777,97.5672760009766,0.0055282341547607
778,97.7016525268555,0.00560447233928677
779,97.8310012817383,0.00565848221795205
780,97.9723815917969,0.00568583745944912
781,98.0988235473633,0.00568685402501191
782,98.2316818237305,0.00566518111251239
783,98.3655700683594,0.00562653404077735
784,98.5015335083008,0.00557859376733689
785,98.631950378418,0.00553094142652323
786,98.7663116455078,0.00549338899479302
787,98.8996810913086,0.00547304111421141
788,99.0320434570312,0.00547224567123166
790,99.2999114990234,0.00548893898041851
791,99.4375076293945,0.0055188379422452
792,99.572868347168,0.00555792834421278
793,99.7007141113281,0.00560436476729371
794,99.8415985107422,0.00565949951373311
795,99.9699401855469,0.00572730079784931
796,100.106811523438,0.00581174420418444
797,100.241676330566,0.00591347661491786
798,100.370025634766,0.00602781882971652
799,100.500579833984,0.00614529995236593
801,100.772575378418,0.00625454879475338
802,100.905754089355,0.00634584643301688
803,101.034103393555,0.00641283062099048
804,101.170471191406,0.00645127672142789
805,101.301826477051,0.0064569283354827
806,101.442207336426,0.00642556675985951
807,101.58927154541,0.00635585790810464
810,101.705589294434,0.00625213527294132
818,102.642852783203,0.00612470651476211
819,102.779220581055,0.00598853411899373
820,102.902549743652,0.00586223417454281
829,104.105133056641,0.00576723079451195
831,104.378204345703,0.00572561344451284
832,104.511573791504,0.00575675956164537
838,105.305648803711,0.00587428820072221
844,106.107299804688,0.00608414900328134
847,106.507110595703,0.00638320371182625
848,106.644989013672,0.00675784760950356
849,106.774887084961,0.00718368179986366
851,107.039901733398,0.00762764276923142
852,107.173927307129,0.00805233918500425
853,107.307289123535,0.00842047584237035
868,109.190170288086,0.00869778332092767
870,109.311500549316,0.00885561568766371
871,109.443809509277,0.00887546979214113
872,109.584190368652,0.00875480222740994
875,109.850196838379,0.00851014180909544
876,109.983551025391,0.00817409139766805
877,110.11141204834,0.00778667232314068
879,110.379638671875,0.00738470660627622
880,110.521385192871,0.00699378432293467
882,110.645217895508,0.0066261679248561
883,110.779579162598,0.00628493905808478
884,110.911178588867,0.0059709948099479
889,111.450492858887,0.00568808022323188
890,111.580604553223,0.00544335494460137
892,111.857940673828,0.00524474998962706
894,111.985038757324,0.00509815514207573
895,112.11247253418,0.00500630250289318
899,112.521675109863,0.00496893505580921
911,113.582374572754,0.00498309325214311
912,113.725410461426,0.005043359984517
924,114.78271484375,0.00514255741319043
926,115.049797058105,0.00527277753943963
927,115.190864562988,0.00542590073433008
930,115.590759277344,0.00559319396985526
932,115.849998474121,0.00576491622796667
934,116.117248535156,0.00593148022443739
937,116.5224609375,0.00608651448720121
947,117.589149475098,0.00622998281163171
950,117.99161529541,0.00636861514561612
952,118.251724243164,0.00651210039992973
954,118.520370483398,0.00666604855027231
956,118.790596008301,0.00682552914811388
959,119.053268432617,0.00697351463905606
961,119.326133728027,0.00708539258416609
964,119.722213745117,0.00713667348942834
966,119.989936828613,0.0071099393459351
972,120.787544250488,0.00699908284620703
973,120.927925109863,0.00681093846935769
974,121.058044433594,0.00656461191530609
976,121.322326660156,0.00628811667032011
980,121.855773925781,0.00601217077692991
985,122.523315429688,0.00576273806592702
986,122.656677246094,0.00555532045145987
988,122.923599243164,0.00539323695083987
995,123.857727050781,0.00526991687480382
999,124.391166687012,0.00517346029182974
1000,124.530303955078,0.00509115671118626
1002,124.659248352051,0.00501261431697895
1003,124.792610168457,0.00493187088522669
1004,124.933837890625,0.00484887189799717
1008,125.325271606445,0.00476916531639856
1021,127.060546875,0.00470115482659213
1029,128.130493164062,0.00465281826255541
1030,128.264419555664,0.00463018421957897
1032,128.535675048828,0.00463733757896923
1033,128.665542602539,0.00467622807636572
1034,128.796890258789,0.00474568034295956
1037,129.195388793945,0.00484038466122709
1038,129.346405029297,0.00495064738312517
1041,129.476440429688,0.0050630791856834
1042,129.596328735352,0.00516238154687108
1043,129.737442016602,0.00523433271487361
1044,129.863784790039,0.00526884417909864
1045,129.997665405273,0.00526098266961523
1056,131.465972900391,0.00520925730288781
1060,131.878189086914,0.00511326428268837
1061,131.998443603516,0.00497363328115448
1069,132.804046630859,0.00479456405882466
1071,133.06575012207,0.00458581968632443
1075,133.600036621094,0.00436127867558339
1077,133.867645263672,0.00413486073792124
1078,134.000839233398,0.00391711419582331
1085,134.934341430664,0.00371467280420622
1089,135.470321655273,0.00353201396431066
1093,135.868850708008,0.00337313854167438
1095,136.136077880859,0.00324157192894333
1099,136.54557800293,0.00313943882521188
1103,136.93830871582,0.0030672033910679
1105,137.069198608398,0.00302431355958741
1107,137.337127685547,0.00300985385250908
1109,137.474334716797,0.00302264129059016
1110,137.60432434082,0.00306080157044468
1111,137.737197875977,0.00312100963396264
1112,137.87077331543,0.00319783607357767
1113,138.004638671875,0.00328399235590746
1116,138.406387329102,0.00337210642235594
1117,138.53840637207,0.00345772804565955
1118,138.674774169922,0.00354189426489612
1119,138.804748535156,0.00363120777108554
1129,140.140426635742,0.00373492385432636
1131,140.408355712891,0.00386044927819559
1133,140.678314208984,0.0040092035442084
1134,140.812225341797,0.00417412794993222
1137,141.210906982422,0.00433930263304928
1144,141.878326416016,0.00448211185867281
1145,142.018569946289,0.0045783319446261
1146,142.141906738281,0.00460889435368488
1147,142.277877807617,0.00456541787505418
1149,142.543609619141,0.00445212330347022
1154,143.21711730957,0.00428356947938585
1155,143.349472045898,0.0040794156910791
1163,144.411758422852,0.00385890691040611
1164,144.549133300781,0.00363763938842314
1166,144.817520141602,0.00342690275812821
1167,144.949478149414,0.00323420321160822
1168,145.078826904297,0.00306403733592884
1176,146.013442993164,0.00291879608182518
1183,146.946395874023,0.00279962629594618
1184,147.087326049805,0.00270698748672321
1185,147.218460083008,0.00264095737995589
1186,147.233505249023,0.0026015494873862
1187,147.34765625,0.00258915925484604
1188,147.482040405273,0.00260497134067042
1189,147.613922119141,0.00265096246164143
1190,147.76237487793,0.00272929728611543
1192,148.013748168945,0.00284142172886062
1195,148.423461914062,0.00298747638705905
1197,148.549438476562,0.00316641206112264
1199,148.814666748047,0.003376579771129
1201,149.083602905273,0.00361596077881754
1203,149.349609375,0.00388105960086111
1204,149.483978271484,0.00416452905705549
1205,149.61589050293,0.00445331311402784
1213,150.550506591797,0.00472911987865297
1216,150.962173461914,0.00497092345644702
1220,151.485794067383,0.00515798311463766
1223,151.886291503906,0.00527310255118846
1231,152.553802490234,0.00530656088338188
1234,152.954086303711,0.00525937768597242
1236,153.225448608398,0.00514354485180042
1237,153.361389160156,0.00497903837510629
1238,153.487396240234,0.00478974168516388
1239,153.622375488281,0.00459967595988944
1242,154.027877807617,0.00442926155131696
1243,154.159225463867,0.00429170789612145
1244,154.292587280273,0.00419074440558118
1249,154.821762084961,0.00412068118929346
1251,155.091064453125,0.00406872805239039
1252,155.221054077148,0.00401882735123645
1257,155.756698608398,0.00395614784657902
1258,155.899963378906,0.00387089474857754
1261,156.156753540039,0.00375945380967495
1263,156.426971435547,0.00362244150427845
1266,156.824310302734,0.00346230706376993
1269,157.222961425781,0.00328321099244704
1270,157.367340087891,0.00309238979435239
1273,157.628433227539,0.0029001127781956
1274,157.757781982422,0.00271721952694383
1275,157.894180297852,0.00255192370406665
1277,158.160675048828,0.002408008907281
1278,158.294570922852,0.00228527988519695
1279,158.425933837891,0.00218167070769228
1284,158.958526611328,0.00209551450150743
1285,159.092239379883,0.00202671873886514
1286,159.226303100586,0.00197669959188543
1288,159.493530273438,0.00194764698295044
1291,159.893325805664,0.00194163332611167
1292,160.027435302734,0.00195990701547944
1293,160.159423828125,0.00200260324058047
1294,160.294403076172,0.00206884872157844
1295,160.4267578125,0.00215687445087128
1298,160.832000732422,0.00226362501227014
1302,161.234664916992,0.00238383662080044
1304,161.496231079102,0.00250916761899545
1305,161.628540039062,0.00262787985198573
1306,161.762557983398,0.00272541136545324
1307,161.897674560547,0.00278670166418575
1308,162.034698486328,0.00280078822514074
1309,162.166061401367,0.00276583199975629
1315,162.829299926758,0.00269091541549268
1316,162.978591918945,0.00259271950028399
1318,163.108947753906,0.00248915698001744
1320,163.242858886719,0.00239391973241615
1323,163.496292114258,0.00231426730972434
1326,163.900512695312,0.00225179171107271
1327,164.037139892578,0.00220442804147692
1328,164.163269042969,0.00216777572118671
1329,164.316680908203,0.00213512333628674
1331,164.435012817383,0.0020977027204551
1332,164.564361572266,0.00204687858853868
1333,164.697723388672,0.00197748142603744
1334,164.835083007812,0.00188963699548706
1336,165.098968505859,0.0017879164098469
1337,165.236831665039,0.00167916683336668
1338,165.364730834961,0.00157056079595241
1339,165.498580932617,0.00146813044941844
1340,165.635452270508,0.00137570751795989
1342,165.906509399414,0.00129445684307
1344,166.166397094727,0.00122313961948313
1345,166.302261352539,0.00115901487140447
1348,166.70085144043,0.00109911358265175
1349,166.836502075195,0.00104145811690172
1352,167.239410400391,0.000985677990842611
1353,167.365264892578,0.000932716126567605
1355,167.638168334961,0.000883963309423487
1357,167.902053833008,0.000840500535827945
1364,168.838851928711,0.000802810513029487
1365,168.970199584961,0.000770862380832564
1368,169.368804931641,0.000744327233763948
1369,169.50927734375,0.000722769694052109
1372,169.909637451172,0.000705771455960019
1374,170.170867919922,0.000692997251305149
1376,170.448226928711,0.000684225526992595
1378,170.706008911133,0.0006793615162665
1379,170.838394165039,0.000678443037113718
1380,170.977920532227,0.000681643105803324
1382,171.238082885742,0.000689268017407067
1383,171.376281738281,0.00070174314497664
1385,171.639755249023,0.000719569292886944
1388,172.041229248047,0.000743218340532478
1391,172.43798828125,0.000772920636419571
1392,172.572357177734,0.000808293367233934
1393,172.707748413086,0.000847811340316688
1397,173.241348266602,0.000888290637746194
1400,173.507064819336,0.000924821664047496
1403,173.907852172852,0.000951661834921388
1404,174.040954589844,0.000964064698464983
1409,174.70768737793,0.000960137342255892
1410,174.842346191406,0.000941579248477447
1411,174.975708007812,0.000912848163432952
1416,175.508163452148,0.000879308779291516
1417,175.642074584961,0.000845568243506442
1418,175.775436401367,0.00081482407431546
1420,176.044158935547,0.000789023872946398
1421,176.184143066406,0.000769187826487669
1422,176.309478759766,0.000755577940723094
1424,176.576461791992,0.000747762262611694
1425,176.709823608398,0.000744667148870648
1426,176.844421386719,0.000744645408025595
1428,177.111022949219,0.000745606757815049
1430,177.381393432617,0.00074532472332209
1431,177.510360717773,0.000741941419393504
1432,177.644256591797,0.000734438332987981
1433,177.787353515625,0.000722828821273463
1434,177.917739868164,0.000708079405287646
1435,178.046096801758,0.000691818991521233
1436,178.188110351562,0.000675856661430234
1437,178.310241699219,0.000661697570873693
1440,178.710891723633,0.000650303738355756
1446,179.51335144043,0.000642132356148627
1447,179.646377563477,0.000637309278028532
1448,179.780746459961,0.000635804393865539
1449,179.912734985352,0.0006375548943643
1450,180.046646118164,0.000642534861932465
1452,180.316024780273,0.000650784520679916
1454,180.581390380859,0.000662408008262731
1455,180.714248657227,0.000677537877377048
1456,180.851623535156,0.000696253749499397
1457,180.982650756836,0.000718438678717538
1459,181.252975463867,0.000743576518547054
1460,181.382858276367,0.000770562111398032
1461,181.515716552734,0.000797706273290851
1462,181.651657104492,0.000823143887266319
1464,181.915924072266,0.000845591683347622
1465,182.051284790039,0.000864948984759491
1466,182.183471679688,0.000882171484493242
1467,182.316833496094,0.000898445990213584
1468,182.454208374023,0.000914314814421964
1470,182.72004699707,0.000929367383496484
1471,182.853805541992,0.000942562148778606
1472,182.987167358398,0.000952817822098346
1474,183.253814697266,0.000959616998132084
1475,183.382873535156,0.000963535787247863
1477,183.650283813477,0.000966391665718898
1478,183.798355102539,0.000970737465788777
1480,183.917678833008,0.000979023896423789
1481,184.050674438477,0.00099299279400274
1482,184.185043334961,0.00101345626149551
1483,184.317398071289,0.00104024685061874
1484,184.44953918457,0.00107214624662037
1485,184.584564208984,0.00110686201029078
1486,184.728012084961,0.00114139101493904
1490,185.119583129883,0.00117306331561772
1493,185.518432617188,0.00120091768305642
1494,185.651794433594,0.00122635545179448
1504,186.988174438477,0.00125243932577905
1507,187.388824462891,0.00128248575840941
1508,187.521179199219,0.00131904996797633
1509,187.653533935547,0.00136373947947654
1517,188.455337524414,0.0014176318280806
1518,188.599960327148,0.00148186521742639
1522,188.989654541016,0.00155800828064247
1523,189.121536254883,0.00164804148543916
1524,189.258941650391,0.00175410571043525
1527,189.656219482422,0.00187831030485313
1528,189.799133300781,0.00202279982049088
1532,190.193817138672,0.00219008134323756
1539,190.857849121094,0.00238329307466745
1540,190.869873046875,0.0026058065168508
1541,190.995208740234,0.00285976866503906
1543,191.256500244141,0.00314392085201113
1544,191.398727416992,0.00345171708279166
1548,191.793762207031,0.00377105880738766
1549,191.939163208008,0.00408654813443522
1550,192.070510864258,0.00438376196122091
1551,192.19775390625,0.00465355143965673
1552,192.327117919922,0.00489419527712757
1553,192.462173461914,0.0051104112859503
1557,192.997329711914,0.0053097760095278
1558,193.127685546875,0.00549844295944507
1561,193.397048950195,0.0056786315082178
1562,193.525390625,0.00584924786947735
1563,193.671798706055,0.0060085978647272
1564,193.801849365234,0.00615662519460661
1567,194.199630737305,0.00629495260394734
1568,194.327789306641,0.00642529964204203
1569,194.464157104492,0.0065481094131893
1571,194.727874755859,0.0066624015635443
1572,194.861236572266,0.00676657516394403
1574,194.99853515625,0.00685965193836794
1575,195.128890991211,0.00694271900037951
1576,195.26155090332,0.00702006335331915
1577,195.397918701172,0.00709899659131277
1578,195.528259277344,0.00718755980997709
1579,195.662322998047,0.00729064297695307
1580,195.79768371582,0.00740665921317214
1581,195.93962097168,0.00752701387381467
1582,196.078033447266,0.00763894232990106
1584,196.197372436523,0.00773020115962849
1585,196.327713012695,0.00779280007274277
1586,196.462387084961,0.00782356183778415
1587,196.597747802734,0.00782222787686655
1588,196.735122680664,0.00779038062291511
1589,196.863830566406,0.00773301911834705
1590,196.99919128418,0.00766069925749016
1591,197.138565063477,0.00758888628309009
1592,197.263916015625,0.00753390236756153
1593,197.398880004883,0.00750790201115011
1594,197.534210205078,0.00751561448634994
1595,197.664703369141,0.00755399002670811
1596,197.801681518555,0.00761461334049695
1597,197.932037353516,0.00768802891042676
1598,198.065399169922,0.00776796221891819
1599,198.210327148438,0.00785285485382005
1600,198.338256835938,0.00794395604124219
1601,198.464599609375,0.00804174127847285
1602,198.598495483398,0.00814275515296319
1603,198.730895996094,0.00823814908611365
1604,198.865783691406,0.00831514883327364
1605,198.998626708984,0.00836175016410841
1606,199.131576538086,0.00837216963839512
1607,199.264938354492,0.00834931266801318
1608,199.399002075195,0.00830297588164508
1609,199.532928466797,0.00824575164609041
1610,199.666305541992,0.0081890112244429
1611,199.799362182617,0.00813976751745558
1612,199.933715820312,0.00809879548965812
1614,200.072937011719,0.00806106848701781
1615,200.210205078125,0.00801888658105021
1617,200.338088989258,0.0079661370085017
1618,200.466735839844,0.00790130841785397
1619,200.600662231445,0.00782792509291344
1620,200.73356628418,0.00775282541744593
1621,200.86701965332,0.00768380209017922
1622,200.999465942383,0.00762790634141546
1623,201.132431030273,0.00759074924619754
1624,201.26725769043,0.00757640653381949
1625,201.401611328125,0.00758742049382369
1626,201.540985107422,0.00762466124455539
1628,201.668334960938,0.0076872042878978
1629,201.801223754883,0.0077727081382926
1630,201.940093994141,0.00787854518618898
1631,201.948104858398,0.00800301967617952
1632,202.067459106445,0.0081455939316516
1633,202.202331542969,0.00830590325182552
1634,202.342178344727,0.00848237664910666
1635,202.469528198242,0.00867157883608162
1636,202.60466003418,0.0088690344771864
1637,202.742553710938,0.00907120858161638
1638,202.869964599609,0.00927695217325637
1639,203.002990722656,0.0094867104434096
1640,203.146392822266,0.00969993305317431
1641,203.157913208008,0.00991328435793205
1642,203.270431518555,0.0101212960771821
1643,203.402587890625,0.0103180743080851
1644,203.540969848633,0.0104978455983375
1645,203.669311523438,0.0106542810421775
1646,203.803680419922,0.010780411371413
1647,203.94206237793,0.0108704986998391
1648,204.069900512695,0.0109230558809142
1649,204.203659057617,0.0109423675931159
1650,204.341751098633,0.0109368840298231
1651,204.477111816406,0.0109158386066566
1652,204.605453491211,0.0108863997860026
1653,204.742828369141,0.0108521276665196
1654,204.870666503906,0.0108126715898182
1655,205.004531860352,0.0107651221186046
1656,205.141906738281,0.0107070249629002
1657,205.282180786133,0.0106396610176806
1658,205.413543701172,0.0105696750879198
1659,205.548904418945,0.0105080044886966
1660,205.672302246094,0.010466421144715
1661,205.806167602539,0.0104530912917306
1662,205.944549560547,0.0104689394964642
1663,206.072387695312,0.0105061134399775
1664,206.206771850586,0.0105489757312179
1665,206.349655151367,0.0105774085017821
1666,206.479736328125,0.0105718013174217
1667,206.617706298828,0.0105185207779018
1668,206.745788574219,0.0104140983274576
1669,206.885925292969,0.0102665882041943
1671,207.007247924805,0.0100934162035366
1673,207.142623901367,0.00991632772871176
1674,207.279998779297,0.00975580334733664
1675,207.411972045898,0.00962774001200364
1676,207.541915893555,0.00954288777578324
1677,207.674926757812,0.00950699922814739
1678,207.81396484375,0.00952013234646854
1679,207.94889831543,0.00957605112473019
1680,208.074737548828,0.00966374285472676
1681,208.207122802734,0.00977162670456206
1682,208.340759277344,0.00989255096905892
1683,208.483779907227,0.0100262719721983
1684,208.60871887207,0.0101774529711344
1685,208.745971679688,0.0103504842248373
1686,208.876815795898,0.0105441848853219
1687,209.008255004883,0.0107483938142968
1688,209.141616821289,0.0109431448926263
1689,209.285003662109,0.0111010780541014
1690,209.409255981445,0.0111934568057738
1691,209.544326782227,0.0111985200588775
1692,209.676696777344,0.0111087157625408
1693,209.810592651367,0.0109328149752348
1694,209.947280883789,0.0106916254395362
1696,210.082626342773,0.0104103482946251
1697,210.210510253906,0.0101124984296671
1698,210.341857910156,0.00981787468204133
1699,210.478225708008,0.0095429908230492
1700,210.609176635742,0.00930096985226921
1701,210.741546630859,0.00909987640403892
1702,210.884643554688,0.00894067947795641
1703,211.010513305664,0.00881652153047493
1704,211.14306640625,0.00871430314006559
1705,211.277938842773,0.00861852929532748
1706,211.410797119141,0.00851621350319764
1707,211.545150756836,0.00840081370405692
1708,211.678009033203,0.00827346541408508
1709,211.822906494141,0.00814143457632244
1710,211.946243286133,0.00801525690732368
1711,212.078659057617,0.00790606242422993
1712,212.211517333984,0.00782363662906604
1713,212.346618652344,0.00777509367306128
1714,212.477981567383,0.00776420699801332
1715,212.612915039062,0.00779175558508744
1716,212.759307861328,0.00785682569038681
1717,212.884170532227,0.00795847278369067
1718,213.012008666992,0.0080970108664063
1719,213.146377563477,0.00827394697534692
1720,213.288696289062,0.0084897376794486
1721,213.412017822266,0.00874002405922835
1722,213.548385620117,0.00901265772143484
1723,213.680755615234,0.00928767348416301
1724,213.813110351562,0.00954054145661565
1725,213.955490112305,0.00974741259669172
1726,214.085159301758,0.00989070493306526
1727,214.214004516602,0.00996357072412055
1728,214.353378295898,0.0099716247220694
1730,214.499664306641,0.00993069288323105
1732,214.613967895508,0.00986142039492401
1733,214.748336791992,0.00978363606929505
1734,214.885360717773,0.00971271811724737
1735,215.014266967773,0.00965777191069432
1736,215.148483276367,0.00962059747731482
1737,215.286071777344,0.00959569886127735
1738,215.413925170898,0.00957226831247042
1739,215.549911499023,0.00953796882209391
1740,215.686370849609,0.00948286126753618
1741,215.835266113281,0.00940140048444536
1744,215.958602905273,0.00929182363696155
1745,216.088150024414,0.00915470744511743
1746,216.218002319336,0.00899316290604598
1747,216.350357055664,0.00881473055656911
1748,216.486312866211,0.00863228898184332
1749,216.62467956543,0.00846171961233823
1750,216.750030517578,0.00831707241541235
1751,216.886245727539,0.00820598423333922
1752,217.031631469727,0.00812756758387382
1753,217.15754699707,0.00807326469763014
1754,217.287963867188,0.00802984884105562
1755,217.423828125,0.0079832017411421
1756,217.555694580078,0.00792156862294929
1758,217.686553955078,0.00783780838396336
1759,217.817932128906,0.00773069279793618
1761,218.085891723633,0.00760461143514051
1766,218.755249023438,0.00746707547546423
1767,218.886108398438,0.00732541649077195
1768,219.018890380859,0.00718525513266404
1769,219.155258178711,0.00705162648517607
1770,219.293304443359,0.00693102303961827
1771,219.426666259766,0.00683180320045685
1773,219.556686401367,0.00676207099748908
1774,219.686569213867,0.00672667576450439
1775,219.819976806641,0.00672586325337053
1776,219.96598815918,0.00675626106661055
1778,220.085876464844,0.00681250769615367
1779,220.219863891602,0.00688811019855971
1780,220.355819702148,0.00697632470823196
1781,220.486434936523,0.00707198076678869
1782,220.620574951172,0.00717294415931463
1783,220.757568359375,0.00727958224996579
1784,220.888442993164,0.0073928284787638
1785,221.022079467773,0.00751230762478939
1786,221.157211303711,0.0076347985884705
1787,221.287872314453,0.00775301503923663
1788,221.420257568359,0.00785549411739857
1789,221.558120727539,0.00792843872990948
1790,221.68701171875,0.00795936143599196
1791,221.821929931641,0.00794106925617188
1792,221.958297729492,0.00787391645976016
1793,222.09538269043,0.00776511857761722
1794,222.222412109375,0.00762587341233812
1795,222.35954284668,0.00746838402954942
1796,222.488433837891,0.00730424583982961
1797,222.62255859375,0.00714412907118762
1798,222.755249023438,0.00699801668803161
1799,222.889114379883,0.00687514062340147
1800,223.021591186523,0.00678263493933185
1801,223.15495300293,0.0067226780662335
1802,223.289825439453,0.00668989107734445
1804,223.556701660156,0.00667202024285935
1810,224.223129272461,0.00665514821918905
1811,224.356491088867,0.00663073991346832
1812,224.490341186523,0.00659977589677922
1813,224.623733520508,0.00657157122724008
1814,224.757583618164,0.0065589191416853
1815,224.892959594727,0.00657267209359031
1816,225.026321411133,0.00661793964562655
1817,225.162673950195,0.00669317757447787
1818,225.291030883789,0.00679248506413036
1819,225.425094604492,0.006909810322565
1820,225.558029174805,0.00704254622109864
1821,225.692993164062,0.00719229711840122
1822,225.824981689453,0.00736260551876536
1823,225.95735168457,0.00755559920067804
1824,226.09228515625,0.00776947730474864
1825,226.225646972656,0.00799708858955811
1826,226.36100769043,0.00822538603710258
1827,226.492614746094,0.00843645689098816
1828,226.64453125,0.00861080185909763
1830,226.759841918945,0.00873202823875681
1831,226.893981933594,0.00879106593291935
1832,227.025329589844,0.008788338346198
1833,227.160690307617,0.00873304501975759
1834,227.293594360352,0.00863964993851658
1835,227.452026367188,0.00852312320938984
1837,227.560256958008,0.00839504306634704
1838,227.694122314453,0.00826138550499468
1839,227.82698059082,0.00812176552361442
1840,227.966247558594,0.00797073979204561
1841,228.094100952148,0.00780224531992092
1842,228.226531982422,0.00761578535253374
1845,228.628952026367,0.00742013297444726
1847,228.760833740234,0.00723156981184355
1848,228.898712158203,0.00706820475031698
1849,229.030059814453,0.0069444579045322
1850,229.172073364258,0.00686811132041877
1851,229.296997070312,0.00683973734133343
1852,229.436111450195,0.00685402016925427
1854,229.561187744141,0.00690291664108069
1855,229.704071044922,0.00697927877412039
1856,229.830535888672,0.00707827460030413
1857,229.961608886719,0.00719558187285879
1858,230.102249145508,0.00732426509795611
1859,230.229827880859,0.00745294442906061
1860,230.362716674805,0.00756657903144143
1861,230.502166748047,0.00764975045473485
1862,230.629760742188,0.00769063175355779
1863,230.763641357422,0.00768293267916572
1864,230.899017333984,0.00762531227128831
1865,231.031494140625,0.00752088614360266
1866,231.162826538086,0.00737856514659605
1867,231.301254272461,0.00721404274786502
1868,231.431625366211,0.00704753432666367
1869,231.563568115234,0.00689906874878497
1870,231.701950073242,0.00678466212176366
1871,231.841598510742,0.00671478558326606
1873,231.964935302734,0.0066937619940639
1874,232.102310180664,0.00671914892352551
1875,232.23323059082,0.00678200695393431
1876,232.36408996582,0.006868824875269
1877,232.501968383789,0.0069645442613096
1878,232.633911132812,0.00705558354519105
1879,232.765258789062,0.00713197622370569
1881,233.032241821289,0.00718838532711835
1882,233.166595458984,0.00722436756259514
1883,233.30256652832,0.00724406202261183
1884,233.432464599609,0.00725503690569715
1885,233.568298339844,0.00726645210446655
1886,233.702667236328,0.007287401979818
1887,233.833023071289,0.0073258948691914
1888,233.967376708984,0.00738814195198286
1889,234.103256225586,0.00747792054577952
1890,234.233108520508,0.00759601790149045
1891,234.367462158203,0.00773979848635559
1892,234.502822875977,0.00790316961670643
1893,234.634185791016,0.00807696894395556
1894,234.766540527344,0.00824903091180844
1895,234.903411865234,0.00840371772246324
1896,235.039901733398,0.00852264922514377
1897,235.166839599609,0.00858837246111022
1898,235.305221557617,0.00858941662925297
1899,235.434158325195,0.00852277331109227
1900,235.567520141602,0.0083920154180419
1901,235.701873779297,0.00820331643959614
1902,235.847274780273,0.00796242833407858
1904,235.969604492188,0.00767323740218171
1905,236.101959228516,0.00733695169621123
1906,236.235260009766,0.00695164530807991
1907,236.367614746094,0.00651266341082809
1908,236.501556396484,0.00601418978210573
1909,236.635940551758,0.00545190441493865
1910,236.769302368164,0.004826365767723
1911,236.901657104492,0.00414604463309404
1912,237.0400390625,0.00342828042388028
